Workbook

Sheet Sheet1_สูตร
A1: SmartGift · Sheet1 สูตรและพารามิเตอร์ (แก้ช่องเหลืองได้)
A2: ชีตนี้เป็นสมองของสมุด — Sheet2 อ้าง FX / SOF / Markup จากที่นี่ แล้ว Sheet3 ดึงราคา Final จาก Sheet2 เท่านั้น
A4: พารามิเตอร์ | B4: ค่า | C4: หน่วย / หมายเหตุ | E4: สมการหลัก (อ่านอย่างเดียว)
A5: FX_CNY_THB | B5: 5 | C5: อัตราแลกเปลี่ยน (แก้ได้) | E5: ลงเรือ | F5: โรงงานบาท + inland/ชิ้น + freight/ชิ้น
A6: โปรไฟล์ | B6: standard | C6: standard หรือ corporate | E6: ขาย | F6: ปัด(ลงเรือ × SOF × markup)
A7: รวมค่าขนส่งจีน→ไทย | B7: YES | C7: YES / NO | E7: โรงงานบาท | F7: โรงงานCNY × FX_CNY_THB
A8: รวมแพ็กเกจ | B8: NO | C8: YES / NO · +80–150 บาทถ้า YES | E8: หมายเหตุ | F8: บนเว็บใช้ computeUnitLanded จริง · ชีตนี้ประมาณด้วย inland/freight ที่ใส่ใน Sheet2
A9: แพ็กเกจต่ำ | B9: 80 | C9: บาท/ชุด
A10: แพ็กเกจสูง | B10: 150 | C10: บาท/ชุด
A11: พื้นกำไร <500 ชุด | B11: 5000 | C11: บาท/ออเดอร์ (standard)
A12: พื้นกำไร 500+ ชุด | B12: 3000 | C12: บาท/ออเดอร์ (standard)
A13: พื้นกำไรองค์กร | B13: 20000 | C13: บาท · ใช้เมื่อโปรไฟล์=corporate
A14: Markup องค์กร | B14: 1.47 | C14: คงที่เมื่อโปรไฟล์=corporate
A16: ตาราง SOF (Small Order Factor) | D16: ตาราง Markup ตามต้นทุนลงเรือ (บาท)
A17: qty_max | B17: SOF | D17: landed_max | E17: markup
A18: 20 | B18: 1.5 | D18: 250 | E18: 3
A19: 50 | B19: 1.4 | D19: 350 | E19: 2.73
A20: 100 | B20: 1.3 | D20: 500 | E20: 2.62
A21: 300 | B21: 1.2 | D21: 650 | E21: 2.45
A22: 499 | B22: 1.1 | D22: 999999 | E22: 2.14
A23: 999999 | B23: 1
A25: วิธีใช้: แก้ FX ที่ B5 → ไป Sheet2 แก้จำนวน (คอลัมน์ C) → ดูราคา Final ที่ Sheet3

Sheet Sheet2_ต้นทุน
A1: Sheet2 · รายการสินค้า × ต้นทุน (แก้ช่องเหลือง · คอลัมน์คำนวณอ้าง Sheet1)
A2: คอลัมน์ inland/freight เป็นค่าประมาณต่อชิ้นเพื่อให้ลองสูตรใน Excel ได้ บนหน้าเว็บ /ops/price-sheet ระบบคำนวณขนส่งจากน้ำหนัก/CBM จริง
A4: รหัส | B4: ชื่อสินค้า | C4: จำนวน (qty) | D4: โรงงาน CNY | E4: โรงงานบาท | F4: inland/ชิ้น | G4: freight/ชิ้น | H4: ลงเรือ | I4: SOF | J4: Markup | K4: ขาย/ชิ้น | L4: กำไรชุด | M4: พื้นกำไร | N4: ผ่านพื้น?
A5: DEMO-BOX-01 | B5: กล่องของขวัญพรีเมียม A | C5: 50 | D5: 28 | E5: =D5*'Sheet1_สูตร'!$B$5 | F5: 8 | G5: 22 | H5: =E5+F5+G5 | I5: =IF(C5<=20,1.5,IF(C5<=50,1.4,IF(C5<=100,1.3,IF(C5<=300,1.2,IF(C5<=499,1.1,1))))) | J5: =IF('Sheet1_สูตร'!$B$6="corporate",'Sheet1_สูตร'!$B$14,IF(H5<=250,3,IF(H5<=350,2.73,IF(H5<=500,2.62,IF(H5<=650,2.45,2.14))))) | K5: =ROUND(H5*I5*J5,0)+IF('Sheet1_สูตร'!$B$8="YES",'Sheet1_สูตร'!$B$9,0) | L5: =(K5-H5)*C5 | M5: =IF('Sheet1_สูตร'!$B$6="corporate",'Sheet1_สูตร'!$B$13,IF(C5<500,'Sheet1_สูตร'!$B$11,'Sheet1_สูตร'!$B$12)) | N5: =IF(L5>=M5,"PASS","BELOW")
A6: DEMO-TUM-02 | B6: ชุดแก้วเก็บความเย็น | C6: 100 | D6: 45 | E6: =D6*'Sheet1_สูตร'!$B$5 | F6: 10 | G6: 28 | H6: =E6+F6+G6 | I6: =IF(C6<=20,1.5,IF(C6<=50,1.4,IF(C6<=100,1.3,IF(C6<=300,1.2,IF(C6<=499,1.1,1))))) | J6: =IF('Sheet1_สูตร'!$B$6="corporate",'Sheet1_สูตร'!$B$14,IF(H6<=250,3,IF(H6<=350,2.73,IF(H6<=500,2.62,IF(H6<=650,2.45,2.14))))) | K6: =ROUND(H6*I6*J6,0)+IF('Sheet1_สูตร'!$B$8="YES",'Sheet1_สูตร'!$B$9,0) | L6: =(K6-H6)*C6 | M6: =IF('Sheet1_สูตร'!$B$6="corporate",'Sheet1_สูตร'!$B$13,IF(C6<500,'Sheet1_สูตร'!$B$11,'Sheet1_สูตร'!$B$12)) | N6: =IF(L6>=M6,"PASS","BELOW")
A7: DEMO-HAM-03 | B7: กระเช้าองค์กรพรีเมียม | C7: 20 | D7: 80 | E7: =D7*'Sheet1_สูตร'!$B$5 | F7: 18 | G7: 45 | H7: =E7+F7+G7 | I7: =IF(C7<=20,1.5,IF(C7<=50,1.4,IF(C7<=100,1.3,IF(C7<=300,1.2,IF(C7<=499,1.1,1))))) | J7: =IF('Sheet1_สูตร'!$B$6="corporate",'Sheet1_สูตร'!$B$14,IF(H7<=250,3,IF(H7<=350,2.73,IF(H7<=500,2.62,IF(H7<=650,2.45,2.14))))) | K7: =ROUND(H7*I7*J7,0)+IF('Sheet1_สูตร'!$B$8="YES",'Sheet1_สูตร'!$B$9,0) | L7: =(K7-H7)*C7 | M7: =IF('Sheet1_สูตร'!$B$6="corporate",'Sheet1_สูตร'!$B$13,IF(C7<500,'Sheet1_สูตร'!$B$11,'Sheet1_สูตร'!$B$12)) | N7: =IF(L7>=M7,"PASS","BELOW")
A9: ลองเปลี่ยนจำนวนในคอลัมน์ C แล้วดู SOF / ขาย / Sheet3 อัปเดตตาม

Sheet Sheet3_Final
A1: Sheet3 · ราคา Final (พรีวิวลูกค้า — อ้างอิง Sheet2 อย่างเดียว)
A2: ห้ามแก้ราคา Final โดยตรง · แก้ qty/ต้นทุนที่ Sheet2 หรือ FX ที่ Sheet1
A4: ลำดับ | B4: รหัส | C4: ชื่อสินค้า | D4: จำนวน | E4: ราคา/ชุด (Final) | F4: รวมทั้งชุด | G4: สถานะพื้นกำไร
A5: 1 | B5: =Sheet2_ต้นทุน!A5 | C5: =Sheet2_ต้นทุน!B5 | D5: =Sheet2_ต้นทุน!C5 | E5: =Sheet2_ต้นทุน!K5 | F5: =E5*D5 | G5: =Sheet2_ต้นทุน!N5
A6: 2 | B6: =Sheet2_ต้นทุน!A6 | C6: =Sheet2_ต้นทุน!B6 | D6: =Sheet2_ต้นทุน!C6 | E6: =Sheet2_ต้นทุน!K6 | F6: =E6*D6 | G6: =Sheet2_ต้นทุน!N6
A7: 3 | B7: =Sheet2_ต้นทุน!A7 | C7: =Sheet2_ต้นทุน!B7 | D7: =Sheet2_ต้นทุน!C7 | E7: =Sheet2_ต้นทุน!K7 | F7: =E7*D7 | G7: =Sheet2_ต้นทุน!N7
A9: รวม Final ทั้งใบ | F9: =SUM(F5:F7)
A11: พรีวิวบนเว็บ: /ops/price-sheet (แก้ค่าได้ · คำนวณด้วย computeUnitLanded ชุดเดียวกับแคตตาล็อก)
